Name,Type,Rating,Phone,Address,Email
ABC Home & Commercial Services,HVAC,4.7,(512) 246-5400,"7608 E. Interstate 35, Austin, TX 78752",service@abchomeandcommercial.com
Stan's Heating Air Plumbing & Electrical,HVAC,4.8,(512) 476-7626,"6016 Dillard Cir, Austin, TX 78752",info@stansac.com
Fox Service Company,HVAC,4.6,(512) 284-1818,"5121 South IH-35, Austin, TX 78745",contact@foxservice.com
Radiant Plumbing & Air Conditioning,Plumbing,4.9,(512) 551-1147,"4601 Santa Rita Ct Suite B, Austin, TX 78749",hello@radiantplumbing.com
Longhorn Plumbing,Plumbing,4.8,(512) 246-5002,"1106 Clayton Lane Suite 500W, Austin, TX 78723",service@longhornplumbing.com
S & D Plumbing,Plumbing,4.7,(512) 476-8080,"4101 Caldwell Ln, Austin, TX 78725",info@sdplumbingatx.com
John Moore Services,Electrical,4.8,(512) 534-3399,"7850 Sam Peck Rd, Austin, TX 78730",info@johnmooreservices.com
Grayzer Electric,Electrical,4.9,(512) 454-4822,"1209 E 7th St, Austin, TX 78702",service@grayzerelectric.com
Pur 360,Electrical,4.6,(512) 842-4007,"1807 W Braker Ln, Austin, TX 78758",hello@pur360.com
Longhorn Roofing,Roofing,4.8,(512) 478-7663,"1106 Clayton Ln Suite 500W, Austin, TX 78723",info@longhornroofing.com
Austin Roofing and Construction,Roofing,4.7,(512) 299-7663,"9012 Research Blvd, Austin, TX 78758",contact@austinroofing.com
Premier Roofing Austin,Roofing,4.9,(512) 777-7663,"5555 N Lamar Blvd Suite K110, Austin, TX 78751",service@premierroofingaustin.com
ABC Home & Commercial Services,Pest Control,4.8,(512) 246-5400,"7608 E. Interstate 35, Austin, TX 78752",pestcontrol@abchomeandcommercial.com
The Bug Master,Pest Control,4.7,(512) 443-0123,"4506 Burnet Rd, Austin, TX 78756",info@thebugmaster.com
Magic Pest Control,Pest Control,4.9,(512) 443-6221,"11223 N Lamar Blvd, Austin, TX 78753",service@magicpest.com
Mr. Handyman of NW Austin,General Maintenance,4.6,(512) 598-7200,"10616 Ranch Rd 2222, Austin, TX 78730",contact@mrhandyman.com
Handyman Connection of Austin,General Maintenance,4.7,(512) 766-9777,"8023 Vantage Dr Suite 100, Austin, TX 78729",austin@handymanconnection.com
Austin Handyman & Remodeling,General Maintenance,4.8,(512) 298-7200,"1807 W Braker Ln, Austin, TX 78758",info@austinhandyman.com
